,pc,pp
0,18540,20279
1,69534,18187
2,144948,17428
3,126789,17228
4,201886,17019
5,101921,17004
6,74399,16954
7,168293,16800
8,105644,16658
9,130258,16565
10,251734,16500
11,291521,16476
12,66534,16327
13,156001,16323
14,196506,16258
15,99412,16231
16,101895,16222
17,196362,16104
18,130895,15848
19,166119,15842
20,68500,15683
21,223676,15667
22,167971,15611
23,136519,15604
24,118555,15600
25,91910,15436
26,90805,15429
27,132414,15304
28,201877,15271
29,211463,15249
30,143959,15215
31,231956,15197
32,114935,15197
33,173634,15152
34,139247,15149
35,123823,15118
36,62423,15106
37,145435,15081
38,165104,15069
39,61962,15023
40,178766,15000
41,29563,14938
42,94576,14937
43,106609,14937
44,121960,14936
45,94598,14905
46,113685,14876
47,146609,14798
48,202806,14767
49,156487,14754
50,139940,14713
51,81349,14616
52,95304,14548
53,124711,14403
54,151027,14401
55,130944,14379
56,128959,14377
57,204172,14371
58,111791,14368
59,209297,14345
60,95297,14337
61,95888,14318
62,105354,14317
63,175941,14242
64,90018,14211
65,79504,14104
66,132605,14082
67,100975,14081
68,138334,14077
69,90816,14069
70,146013,13990
71,141540,13944
72,137849,13940
73,85861,13907
74,113361,13884
75,189025,13871
76,178006,13865
77,113476,13848
78,61270,13835
79,123368,13831
80,94970,13828
81,120330,13782
82,154948,13775
83,18126,13750
84,93709,13735
85,102809,13733
86,46578,13691
87,90333,13655
88,94684,13634
89,177121,13627
90,104217,13627
91,102761,13624
92,154541,13603
93,205038,13586
94,74046,13578
95,95430,13574
96,124366,13562
97,219276,13547
98,130062,13540
99,92930,13532
100,120644,13483
101,89749,13480
102,96710,13451
103,118405,13449
104,167454,13447
105,154530,13394
106,119235,13387
107,84092,13375
108,92829,13372
109,138232,13333
110,131278,13317
111,78582,13303
112,43485,13302
113,78733,13294
114,64646,13291
115,89240,13278
116,96867,13270
117,132198,13270
118,107797,13230
119,175967,13206
120,60809,13206
121,76801,13197
122,138505,13196
123,115168,13193
124,53423,13177
125,113974,13168
126,56233,13166
127,106350,13156
128,18586,13156
129,301755,13155
130,59632,13151
131,112508,13145
132,267670,13138
133,168062,13122
134,87262,13121
135,411093,13099
136,130098,13073
137,79818,13066
138,150999,13053
139,80534,13049
140,187334,13047
141,147576,13043
142,97894,13039
143,116737,13012
144,181901,13010
145,47760,13000
146,139290,12948
147,95343,12946
148,153251,12922
149,148237,12919
150,59893,12918
151,261322,12915
152,289380,12908
153,78708,12904
154,78389,12866
155,99679,12850
156,377675,12846
157,80733,12843
158,232024,12834
159,272752,12829
160,133536,12826
161,100439,12818
162,118740,12810
163,164917,12805
164,87686,12802
165,93815,12802
166,184451,12801
167,104436,12801
168,70609,12770
169,76298,12761
170,116540,12760
171,79365,12752
172,100396,12733
173,127609,12719
174,140406,12713
175,158742,12703
176,107407,12703
177,140724,12696
178,156492,12690
179,105309,12690
180,123081,12675
181,171442,12669
182,86116,12664
183,64961,12645
184,103865,12643
185,115965,12615
186,83017,12598
187,82337,12596
188,103874,12588
189,289916,12588
190,72830,12582
191,219313,12557
192,56094,12548
193,54589,12547
194,15836,12546
195,96467,12538
196,253396,12536
197,45839,12524
198,124511,12521
199,76323,12503
200,63540,12502
201,104480,12476
202,115740,12472
203,73917,12472
204,68087,12467
205,112045,12461
206,229286,12453
207,232675,12451
208,122466,12447
209,90964,12446
210,158781,12442
211,133512,12442
212,141515,12442
213,75198,12441
214,146838,12439
215,81370,12438
216,64811,12428
217,129453,12423
218,106423,12417
219,60443,12414
220,112706,12402
221,101904,12398
222,83435,12390
223,151363,12389
224,120424,12385
225,146155,12379
226,123068,12350
227,144258,12347
228,118882,12347
229,135912,12344
230,125213,12337
231,158516,12335
232,122107,12332
233,174337,12308
234,48677,12305
235,138470,12301
236,72005,12298
237,122440,12284
238,148727,12273
239,90455,12265
240,56166,12259
241,184419,12251
242,84323,12250
243,24920,12242
244,64541,12230
245,182250,12228
246,121810,12224
247,89410,12221
248,86780,12209
249,134541,12201
250,91998,12201
251,125525,12183
252,142936,12178
253,60561,12173
254,83300,12172
255,90461,12171
256,80098,12171
257,99999,12170
258,161306,12161
259,183485,12154
260,50508,12151
261,91463,12147
262,118376,12145
263,60534,12141
264,190095,12130
265,100369,12116
266,138203,12115
267,104108,12114
268,98592,12110
269,177903,12103
270,152784,12096
271,93335,12086
272,89020,12080
273,45207,12074
274,85809,12070
275,103931,12069
276,51781,12062
277,194127,12058
278,83472,12056
279,105386,12055
280,107809,12042
281,126162,12038
282,65741,12035
283,40607,12033
284,89362,12029
285,148334,12027
286,60584,12025
287,142814,12017
288,114008,12014
289,58987,12012
290,82475,12012
291,42596,12008
292,170476,12008
293,129300,12005
294,85391,12000
295,72700,11999
296,97890,11994
297,129618,11988
298,26293,11987
299,164282,11979
300,95572,11977
301,115635,11970
302,136054,11957
303,118744,11956
304,79196,11942
305,40696,11939
306,115174,11932
307,37582,11917
308,97606,11915
309,79597,11915
310,120475,11912
311,105515,11907
312,105803,11907
313,126825,11898
314,153005,11891
315,106943,11890
316,224565,11890
317,23066,11886
318,292362,11876
319,104282,11873
320,96444,11869
321,328882,11857
322,61149,11854
323,47040,11854
324,99354,11853
325,126321,11852
326,118255,11844
327,155345,11837
328,65115,11834
329,81614,11832
330,83870,11831
331,121113,11830
332,77047,11826
333,81087,11821
334,61729,11817
335,181598,11813
336,116557,11811
337,103872,11808
338,82019,11803
339,109656,11796
340,213786,11795
341,127684,11786
342,163610,11779
343,185457,11772
344,198140,11771
345,142547,11767
346,137961,11763
347,69818,11752
348,79918,11750
349,110549,11742
350,119328,11741
351,81835,11723
352,128310,11721
353,207340,11721
354,107015,11716
355,129641,11708
356,105403,11704
357,127275,11699
358,137010,11696
359,90783,11690
360,95677,11680
361,157947,11679
362,144171,11673
363,147174,11646
364,99530,11646
365,67497,11637
366,73961,11631
367,72187,11620
368,43051,11619
369,54351,11619
370,100061,11619
371,251094,11613
372,114837,11609
373,88229,11606
374,208708,11589
375,90856,11586
376,52714,11584
377,209319,11583
378,217365,11580
379,85018,11575
380,135181,11572
381,85102,11568
382,46366,11566
383,77644,11560
384,94917,11556
385,111421,11554
386,94125,11551
387,69437,11540
388,110191,11539
389,105426,11534
390,89387,11512
391,108908,11503
392,64412,11496
393,146990,11477
394,89108,11475
395,117458,11469
396,115545,11469
397,99974,11455
398,92520,11450
399,71240,11445
400,191979,11433
401,103507,11427
402,72349,11425
403,93705,11422
404,103104,11421
405,69304,11410
406,130513,11407
407,146709,11407
408,109875,11405
409,59114,11401
410,109869,11401
411,99144,11399
412,195166,11389
413,43887,11377
414,137343,11375
415,157218,11371
416,132428,11371
417,99809,11363
418,123381,11362
419,109418,11360
420,147596,11359
421,157876,11349
422,99704,11344
423,64228,11336
424,162906,11335
425,66174,11329
426,81070,11327
427,107540,11326
428,80646,11324
429,109912,11322
430,114710,11320
431,102145,11318
432,150954,11317
433,123432,11311
434,98494,11308
435,63291,11307
436,68673,11306
437,91839,11304
438,96609,11297
439,149532,11293
440,61721,11285
441,41973,11280
442,112955,11278
443,121511,11278
444,61426,11277
445,82034,11274
446,93843,11271
447,85343,11271
448,132102,11267
449,125938,11267
450,87993,11266
451,103144,11266
452,108177,11262
453,90589,11262
454,188443,11260
455,70787,11260
456,113860,11252
457,94401,11250
458,85006,11248
459,155501,11247
460,117245,11246
461,115473,11243
462,140853,11240
463,77311,11235
464,102787,11230
465,68841,11225
466,84797,11225
467,55979,11221
468,7677,11215
469,89325,11213
470,94023,11213
471,113951,11212
472,41491,11212
473,191773,11210
474,131159,11206
475,53332,11204
476,93275,11193
477,96138,11189
478,150618,11189
479,42533,11188
480,145803,11187
481,115607,11186
482,105219,11184
483,126994,11180
484,197715,11179
485,77744,11179
486,164177,11174
487,122075,11174
488,80529,11165
489,76842,11163
490,180412,11163
491,53993,11154
492,85488,11154
493,57886,11153
494,33993,11148
495,132399,11147
496,171898,11143
497,98956,11141
498,82063,11136
499,96876,11133
500,64618,11132
501,83156,11122
502,183284,11118
503,157461,11117
504,71824,11116
505,75758,11114
506,85594,11112
507,65197,11112
508,126540,11112
509,61572,11110
510,66571,11106
511,144790,11105
512,88723,11103
513,79125,11102
514,95219,11100
515,82577,11096
516,208728,11096
517,62851,11094
518,77087,11086
519,117584,11085
520,156563,11081
521,109289,11079
522,60071,11077
523,113835,11074
524,85574,11064
525,67266,11063
526,97884,11062
527,30489,11062
528,137817,11061
529,71474,11059
530,79158,11058
531,64666,11057
532,144086,11055
533,67524,11050
534,66298,11049
535,86021,11047
536,62481,11039
537,78996,11038
538,151257,11031
539,48479,11031
540,73405,11031
541,70690,11031
542,190942,11031
543,115291,11031
544,134325,11027
545,106637,11011
546,220333,11008
547,156468,11006
548,138941,11004
549,84933,11002
550,87257,10993
551,69106,10990
552,80738,10990
553,90141,10988
554,80206,10976
555,132597,10975
556,108207,10974
557,44448,10970
558,133674,10960
559,219112,10958
560,128398,10956
561,78358,10952
562,148873,10951
563,83670,10950
564,117244,10946
565,99767,10944
566,54427,10942
567,134702,10935
568,85569,10935
569,75380,10933
570,115986,10931
571,105705,10926
572,102103,10925
573,191580,10925
574,78134,10925
575,119372,10924
576,173947,10924
577,105601,10919
578,183083,10919
579,123724,10917
580,121246,10916
581,147561,10913
582,110568,10912
583,87470,10909
584,180995,10906
585,123494,10903
586,183404,10902
587,54091,10898
588,72615,10889
589,97600,10889
590,152276,10888
591,92293,10888
592,47297,10887
593,119387,10884
594,193330,10883
595,110104,10881
596,117163,10880
597,155741,10876
598,104063,10875
599,83080,10875
600,165268,10868
601,93960,10866
602,221615,10864
603,156131,10864
604,62750,10860
605,58379,10852
606,81508,10852
607,91919,10851
608,136032,10850
609,124448,10844
610,90455,10837
611,99324,10837
612,97794,10836
613,142748,10834
614,183626,10827
615,215000,10825
616,77220,10824
617,105487,10823
618,110876,10822
619,82217,10821
620,122909,10819
621,61243,10819
622,112945,10818
623,161816,10809
624,112489,10809
625,122726,10808
626,146544,10807
627,83014,10802
628,65158,10799
629,125102,10797
630,119986,10797
631,97763,10797
632,91293,10797
633,103539,10793
634,55094,10792
635,89641,10790
636,110340,10788
637,82892,10787
638,230315,10786
639,73795,10785
640,103948,10782
641,41706,10780
642,43196,10777
643,71626,10777
644,52577,10773
645,85226,10773
646,115885,10772
647,100149,10770
648,90013,10769
649,64488,10769
650,72248,10769
651,192685,10768
652,148133,10767
653,157722,10767
654,103302,10766
655,143048,10763
656,65766,10763
657,93305,10762
658,59935,10761
659,100575,10740
660,44367,10738
661,111022,10735
662,84035,10734
663,63116,10732
664,103387,10728
665,19999,10725
666,103545,10723
667,75800,10723
668,100787,10721
669,69618,10721
670,58767,10718
671,141811,10715
672,32981,10711
673,101822,10710
674,122866,10710
675,61280,10707
676,71822,10706
677,80171,10706
678,55602,10705
679,57316,10705
680,142886,10703
681,25835,10702
682,96487,10698
683,76708,10694
684,29755,10689
685,69428,10689
686,91641,10687
687,96823,10683
688,312892,10679
689,122254,10676
690,34832,10675
691,85113,10670
692,150439,10670
693,85155,10668
694,41710,10668
695,128396,10668
696,105553,10668
697,55228,10666
698,27238,10666
699,91590,10663
700,87885,10660
701,107748,10658
702,152541,10655
703,135711,10653
704,101097,10651
705,81127,10651
706,128535,10650
707,55502,10647
708,65167,10645
709,50543,10644
710,16843,10637
711,87806,10635
712,100898,10635
713,90476,10635
714,51797,10634
715,111368,10628
716,143639,10623
717,150654,10623
718,130512,10622
719,67101,10620
720,101712,10613
721,178821,10613
722,162857,10605
723,51088,10603
724,130779,10602
725,111597,10599
726,114394,10598
727,102750,10597
728,80410,10596
729,54375,10594
730,94863,10592
731,82333,10592
732,138467,10592
733,46953,10583
734,61133,10578
735,42051,10578
736,105784,10576
737,64050,10573
738,92978,10573
739,109017,10572
740,69759,10568
741,79461,10567
742,95658,10566
743,69936,10566
744,173636,10565
745,51401,10565
746,186723,10565
747,97405,10563
748,171335,10561
749,41506,10557
750,74942,10555
751,205659,10552
752,165131,10548
753,120078,10542
754,61342,10537
755,99113,10532
756,145971,10532
757,144949,10532
758,67506,10528
759,127970,10523
760,124997,10520
761,93181,10520
762,297674,10515
763,56700,10513
764,137448,10512
765,71537,10509
766,56230,10508
767,129124,10506
768,67771,10505
769,96577,10505
770,106474,10497
771,34717,10497
772,73997,10496
773,54990,10496
774,46067,10495
775,93158,10492
776,150566,10489
777,48678,10487
778,434953,10487
779,145808,10486
780,95367,10481
781,71624,10475
782,72326,10474
783,101755,10473
784,152608,10472
785,48813,10463
786,172580,10463
787,91064,10463
788,32063,10450
789,145453,10447
790,64186,10445
791,91128,10441
792,80402,10441
793,108844,10439
794,127539,10437
795,132427,10436
796,98614,10436
797,97319,10435
798,227347,10435
799,94364,10435
800,85106,10434
801,49112,10433
802,142761,10431
803,78595,10430
804,131173,10429
805,51030,10428
806,111439,10426
807,229018,10424
808,113245,10423
809,71747,10416
810,140422,10416
811,57151,10409
812,48417,10408
813,99830,10406
814,126657,10405
815,114595,10404
816,81434,10404
817,130444,10403
818,100001,10402
819,33317,10400
820,138320,10398
821,181649,10398
822,107129,10398
823,80909,10397
824,47896,10396
825,79709,10390
826,80551,10387
827,68386,10387
828,104766,10384
829,140189,10383
830,75209,10379
831,128099,10376
832,94962,10376
833,69544,10376
834,92647,10376
835,98819,10374
836,187181,10370
837,34256,10370
838,122136,10367
839,87709,10365
840,64595,10363
841,128281,10362
842,86408,10359
843,143828,10357
844,54102,10355
845,125054,10354
846,107654,10354
847,53340,10353
848,78836,10352
849,56348,10351
850,75555,10350
851,63536,10349
852,225973,10343
853,76429,10342
854,13898,10340
855,118541,10340
856,106695,10338
857,68063,10336
858,126255,10336
859,32975,10335
860,145639,10333
861,137887,10332
862,54204,10332
863,61962,10328
864,60993,10326
865,98060,10326
866,75152,10326
867,26611,10326
868,109853,10326
869,52598,10322
870,134860,10321
871,177513,10321
872,73544,10319
873,172286,10319
874,70098,10318
875,57585,10318
876,123570,10315
877,73699,10315
878,82813,10314
879,76674,10314
880,76499,10313
881,58379,10310
882,96080,10309
883,135236,10309
884,118072,10305
885,63602,10304
886,96224,10303
887,55555,10301
888,50377,10300
889,89258,10300
890,82015,10299
891,98264,10296
892,170449,10293
893,62602,10293
894,69357,10291
895,80404,10289
896,91874,10287
897,86470,10285
898,83692,10282
899,127255,10281
900,143390,10279
901,56769,10277
902,108806,10276
903,192581,10275
904,82629,10274
905,114321,10272
906,56689,10272
907,161706,10269
908,75748,10268
909,134184,10268
910,34843,10265
911,149801,10261
912,56601,10260
913,78688,10260
914,94930,10260
915,97879,10260
916,74638,10258
917,59914,10257
918,120662,10256
919,100790,10254
920,94996,10250
921,85001,10250
922,70772,10248
923,90748,10245
924,69266,10245
925,173230,10239
926,70115,10237
927,231213,10234
928,78019,10234
929,91525,10233
930,95164,10232
931,117575,10229
932,74541,10228
933,167732,10227
934,70193,10226
935,193726,10225
936,56577,10222
937,55354,10222
938,90837,10220
939,39810,10218
940,26170,10216
941,78961,10216
942,129202,10215
943,194253,10214
944,11478,10211
945,153072,10209
946,30478,10207
947,82847,10207
948,172613,10206
949,113086,10205
950,44498,10205
951,253153,10201
952,105043,10199
953,81264,10199
954,71860,10197
955,171234,10196
956,141024,10193
957,61388,10192
958,318658,10190
959,50199,10189
960,48291,10186
961,80052,10185
962,124346,10184
963,80150,10183
964,108614,10181
965,94752,10181
966,90973,10179
967,98925,10177
968,222459,10177
969,130201,10174
970,187503,10174
971,105395,10173
972,103223,10172
973,36077,10172
974,58686,10172
975,61736,10170
976,173938,10169
977,105004,10167
978,170198,10166
979,80524,10166
980,110965,10165
981,107366,10165
982,38170,10163
983,101661,10162
984,75580,10159
985,112831,10156
986,75553,10153
987,116879,10152
988,36832,10152
989,159531,10151
990,56103,10151
991,192341,10149
992,79556,10148
993,67050,10148
994,130304,10147
995,73199,10147
996,78527,10147
997,74702,10145
998,107902,10144
999,61314,10141
1000,108557,10138
1001,59403,10135
1002,162576,10135
1003,133512,10133
1004,58607,10133
1005,79049,10132
1006,141751,10131
1007,136443,10130
1008,198721,10125
1009,97947,10123
1010,88235,10122
1011,102004,10122
1012,76661,10121
1013,133538,10119
1014,80025,10118
1015,184715,10118
1016,98020,10116
1017,181461,10116
1018,161997,10116
1019,48737,10116
1020,72564,10115
1021,51239,10115
1022,161606,10114
1023,91705,10113
1024,131324,10111
1025,103527,10111
1026,106935,10110
1027,129263,10109
1028,249770,10109
1029,109253,10106
1030,175914,10106
1031,77894,10101
1032,75290,10101
1033,228336,10101
1034,118582,10100
1035,69707,10097
1036,45342,10095
1037,118268,10094
1038,72153,10093
1039,113536,10092
1040,99139,10090
1041,47044,10088
1042,143831,10086
1043,64656,10086
1044,79407,10085
1045,217019,10082
1046,74246,10079
1047,78874,10077
1048,108454,10076
1049,159953,10075
1050,78709,10074
1051,202520,10074
1052,54826,10073
1053,122143,10072
1054,27321,10071
1055,121592,10070
1056,61999,10070
1057,126502,10068
1058,154380,10068
1059,87423,10067
1060,118081,10065
1061,98271,10063
1062,77652,10062
1063,75162,10060
1064,120155,10060
1065,67185,10058
1066,83786,10056
1067,92363,10056
1068,179450,10055
1069,74151,10055
1070,107721,10054
1071,80891,10053
1072,50791,10053
1073,150067,10053
1074,68887,10051
1075,88971,10051
1076,120010,10050
1077,116003,10049
1078,125750,10048
1079,126777,10047
1080,130321,10046
1081,165471,10046
1082,33533,10046
1083,133787,10045
1084,127327,10044
1085,94339,10043
1086,159989,10041
1087,80723,10041
1088,110262,10040
1089,78020,10037
1090,30414,10034
1091,100290,10033
1092,48809,10033
1093,136183,10032
1094,131058,10032
1095,26228,10029
1096,75541,10027
1097,128631,10025
1098,153261,10024
1099,127290,10024
1100,180176,10022
1101,85376,10021
1102,25401,10019
1103,80471,10018
1104,140443,10018
1105,107913,10017
1106,113739,10016
1107,89019,10016
1108,10171,10015
1109,69002,10015
1110,124561,10012
1111,124438,10011
1112,75558,10009
1113,83985,10007
1114,104619,10007
1115,52721,10003
1116,161224,10002
1117,77891,10001
1118,109475,10001
1119,66422,10000
1120,98632,10000
1121,63234,9997
1122,113679,9997
1123,154089,9996
1124,136519,9992
1125,158572,9990
1126,52804,9990
1127,184249,9989
1128,76069,9989
1129,70546,9988
1130,79602,9988
1131,122089,9987
1132,89969,9987
1133,76198,9986
1134,79535,9985
1135,141185,9984
1136,147290,9982
1137,81598,9980
1138,129458,9974
1139,15439,9974
1140,80155,9972
1141,76485,9971
1142,83261,9970
1143,64070,9964
1144,108469,9963
1145,71248,9963
1146,54114,9961
1147,66182,9961
1148,75342,9959
1149,74315,9958
1150,115064,9956
1151,49726,9955
1152,89497,9951
1153,72403,9950
1154,144037,9949
1155,171076,9948
1156,40878,9946
1157,80111,9945
1158,115218,9944
1159,74954,9942
1160,65022,9941
1161,81111,9940
1162,250447,9939
1163,135890,9938
1164,68852,9935
1165,22721,9934
1166,80486,9932
1167,45294,9928
1168,95615,9926
1169,68781,9925
1170,122813,9924
1171,158131,9919
1172,74635,9919
1173,87285,9918
1174,40920,9917
1175,54629,9914
1176,113769,9913
1177,75808,9912
1178,132033,9910
1179,155421,9907
1180,62827,9907
1181,91991,9906
1182,62462,9906
1183,14664,9904
1184,107164,9903
1185,68560,9900
1186,156868,9896
1187,88502,9896
1188,65107,9893
1189,95346,9892
1190,46138,9892
1191,50307,9890
1192,105142,9883
1193,96412,9883
1194,68006,9881
1195,50626,9879
1196,12775,9878
1197,69352,9877
1198,8216,9876
1199,1751,9875
1200,87865,9874
1201,99731,9873
1202,98748,9867
1203,133828,9866
1204,133974,9864
1205,61692,9863
1206,149419,9862
1207,107831,9857
1208,69204,9856
1209,196058,9851
1210,62013,9851
1211,49893,9849
1212,74878,9846
1213,131430,9846
1214,231983,9844
1215,48688,9844
1216,156067,9843
1217,65091,9842
1218,83419,9833
1219,69369,9832
1220,41845,9832
1221,80995,9830
1222,107453,9826
1223,138477,9825
1224,104911,9820
1225,121415,9818
1226,17621,9818
1227,116031,9817
1228,74681,9817
1229,148376,9816
1230,73382,9815
1231,85156,9814
1232,87092,9813
1233,99892,9812
1234,139624,9811
1235,75207,9808
1236,77795,9803
1237,89145,9802
1238,86255,9799
1239,81995,9799
1240,77824,9799
1241,129217,9799
1242,86977,9799
1243,56461,9796
1244,99784,9795
1245,182669,9794
1246,67004,9794
1247,61353,9793
1248,90244,9793
1249,55199,9792
1250,60333,9792
1251,70240,9791
1252,107918,9788
1253,98868,9785
1254,48003,9784
1255,106010,9784
1256,104227,9782
1257,65046,9782
1258,125435,9781
1259,88921,9781
1260,88852,9781
1261,69305,9780
1262,122192,9779
1263,139222,9779
1264,24543,9779
1265,78795,9778
1266,114425,9778
1267,42188,9777
1268,87485,9776
1269,82483,9775
1270,288994,9774
1271,87934,9772
1272,75795,9770
1273,71915,9768
1274,78328,9765
1275,122850,9765
1276,53243,9764
1277,133085,9762
1278,189800,9760
1279,63779,9759
1280,85536,9756
1281,97335,9756
1282,40741,9756
1283,38350,9754
1284,15308,9753
1285,59487,9752
1286,84698,9750
1287,97376,9750
1288,55619,9749
1289,339466,9749
1290,66339,9748
1291,149091,9748
1292,63388,9747
1293,115922,9747
1294,91477,9746
1295,51224,9746
1296,66206,9746
1297,62317,9745
1298,131544,9744
1299,48132,9743
1300,69031,9742
1301,127350,9742
1302,73657,9741
1303,55532,9741
1304,121417,9740
1305,31619,9739
1306,35126,9738
1307,180027,9736
1308,71123,9735
1309,77773,9735
1310,112030,9735
1311,113833,9732
1312,95249,9731
1313,166485,9731
1314,118272,9731
1315,84469,9730
1316,26981,9729
1317,95544,9728
1318,63097,9728
1319,71553,9725
1320,50976,9722
1321,59572,9719
1322,65199,9719
1323,83696,9719
1324,60311,9718
1325,65584,9711
1326,142757,9711
1327,39467,9710
1328,85205,9710
1329,92467,9710
1330,82679,9707
1331,102780,9704
1332,42107,9703
1333,112535,9703
1334,144881,9703
1335,27892,9703
1336,76946,9701
1337,48925,9701
1338,59253,9701
1339,114480,9699
1340,76420,9698
1341,26998,9696
1342,148460,9688
1343,102668,9687
1344,64771,9687
1345,53763,9685
1346,86492,9684
1347,53772,9682
1348,44853,9681
1349,41383,9678
1350,215299,9678
1351,133040,9677
1352,109494,9673
1353,138978,9673
1354,97090,9672
1355,90927,9671
1356,40944,9670
1357,83240,9670
1358,50915,9669
1359,88701,9668
1360,65296,9667
1361,144156,9667
1362,75919,9667
1363,21264,9666
1364,140690,9666
1365,151420,9665
1366,63447,9665
1367,133342,9664
1368,78199,9664
1369,34878,9664
1370,88168,9663
1371,27571,9658
1372,96552,9657
1373,44162,9657
1374,66408,9657
1375,46842,9654
1376,140526,9652
1377,106908,9651
1378,26230,9648
1379,95561,9646
1380,67359,9645
1381,78514,9644
1382,135411,9644
1383,118169,9643
1384,64894,9642
1385,169914,9642
1386,63292,9642
1387,166744,9641
1388,62476,9641
1389,102572,9640
1390,89034,9640
1391,34890,9639
1392,47461,9637
1393,64778,9637
1394,57226,9637
1395,85727,9634
1396,118101,9634
1397,88031,9630
1398,114669,9629
1399,86596,9629
1400,52187,9627
1401,85402,9626
1402,112680,9625
1403,66622,9625
1404,67117,9625
1405,62064,9625
1406,113125,9624
1407,52925,9624
1408,55922,9623
1409,85915,9622
1410,17698,9621
1411,42411,9621
1412,50806,9620
1413,97558,9620
1414,175436,9620
1415,72157,9618
1416,40392,9617
1417,89333,9615
1418,69700,9615
1419,101347,9614
1420,174399,9612
1421,56735,9612
1422,141275,9612
1423,70909,9611
1424,65599,9611
1425,89737,9610
1426,154370,9609
1427,211108,9608
1428,70013,9606
1429,87360,9606
1430,63056,9605
1431,47940,9605
1432,69719,9604
1433,117251,9604
1434,100727,9603
1435,78319,9602
1436,92224,9599
1437,32216,9598
1438,149222,9593
1439,63767,9593
1440,9459,9593
1441,154274,9592
1442,80708,9592
1443,118332,9591
1444,114567,9591
1445,151000,9590
1446,114890,9588
1447,68388,9588
1448,72988,9587
1449,31804,9586
1450,16349,9586
1451,64678,9585
1452,55491,9585
1453,63059,9584
1454,103092,9584
1455,71038,9584
1456,47589,9584
1457,33377,9581
1458,63995,9579
1459,29126,9576
1460,72806,9576
1461,105816,9575
1462,99669,9575
1463,103281,9573
1464,67935,9572
1465,96409,9572
1466,129685,9571
1467,149400,9570
1468,143269,9570
1469,69738,9569
1470,73848,9568
1471,118971,9567
1472,98569,9566
1473,110827,9565
1474,65678,9564
1475,32593,9564
1476,120792,9563
1477,107153,9562
1478,105674,9560
1479,41980,9560
1480,67219,9558
1481,108544,9558
1482,83743,9556
1483,68280,9555
1484,124758,9554
1485,64904,9553
1486,34111,9553
1487,140745,9551
1488,90175,9549
1489,89334,9549
1490,121917,9549
1491,101249,9548
1492,75956,9546
1493,107664,9546
1494,168870,9544
1495,88494,9542
1496,74678,9541
1497,99240,9541
1498,99593,9541
1499,96102,9540
1500,31152,9540
1501,178161,9538
1502,105274,9538
1503,120083,9537
1504,166534,9536
1505,86041,9535
1506,125070,9534
1507,171877,9531
1508,50518,9531
1509,66326,9531
1510,37549,9530
1511,188939,9529
1512,84420,9529
1513,41858,9528
1514,69140,9528
1515,55803,9528
1516,86149,9527
1517,83350,9526
1518,45902,9526
1519,76005,9525
1520,69935,9524
1521,88889,9524
1522,57591,9523
1523,114273,9523
1524,46440,9522
1525,182854,9520
1526,159422,9519
1527,69589,9517
1528,70100,9517
1529,105659,9515
1530,110170,9515
1531,212310,9514
1532,67192,9513
1533,40699,9511
1534,83131,9510
1535,93198,9508
1536,30337,9508
1537,93705,9508
1538,96816,9507
1539,73018,9503
1540,66535,9499
1541,80344,9499
1542,122001,9498
1543,63889,9498
1544,112740,9498
1545,140204,9497
1546,48341,9494
1547,119897,9493
1548,90316,9492
1549,189016,9492
1550,84354,9491
1551,128177,9491
1552,97760,9491
1553,40391,9487
1554,138581,9487
1555,46729,9486
1556,74255,9486
1557,59619,9486
1558,50676,9486
1559,179332,9485
1560,139699,9485
1561,189209,9481
1562,44402,9481
1563,84409,9480
1564,102288,9479
1565,78704,9479
1566,217925,9478
1567,100770,9478
1568,88835,9477
1569,107705,9477
1570,89451,9475
1571,65062,9473
1572,94196,9473
1573,82618,9472
1574,142454,9471
1575,88768,9470
1576,109299,9469
1577,96707,9469
1578,169003,9468
1579,36935,9468
1580,96337,9467
1581,41810,9467
1582,15936,9463
1583,159678,9461
1584,158018,9460
1585,96513,9460
1586,112338,9459
1587,115352,9459
1588,91186,9458
1589,69567,9457
1590,118338,9457
1591,146886,9457
1592,17310,9456
1593,96664,9455
1594,95308,9454
1595,84074,9454
1596,95750,9452
1597,100943,9450
1598,73309,9450
1599,128277,9449
1600,102058,9447
1601,65851,9443
1602,42103,9442
1603,154174,9442
1604,65110,9441
1605,115108,9441
1606,37667,9441
1607,9216,9440
1608,63275,9440
1609,100837,9440
1610,131165,9438
1611,98695,9438
1612,39859,9438
1613,52783,9436
1614,108024,9436
1615,82795,9436
1616,113498,9435
1617,142237,9433
1618,134161,9433
1619,149723,9433
1620,153765,9432
1621,68513,9427
1622,51564,9427
1623,110773,9426
1624,46371,9426
1625,92897,9426
1626,84988,9426
1627,169056,9425
1628,69071,9425
1629,53476,9425
1630,88290,9425
1631,116248,9424
1632,50518,9422
1633,129140,9421
1634,67787,9418
1635,95872,9417
1636,153818,9416
1637,42252,9416
1638,67636,9415
1639,70960,9414
1640,78979,9409
1641,45801,9409
1642,94713,9408
1643,96177,9408
1644,71708,9408
1645,193746,9408
1646,46767,9407
1647,53396,9407
1648,103793,9405
1649,79428,9405
1650,95869,9401
1651,145166,9401
1652,94686,9401
1653,89164,9401
1654,53061,9401
1655,117363,9400
1656,198420,9400
1657,173999,9398
1658,109975,9396
1659,88354,9396
1660,20620,9396
1661,65857,9395
1662,122964,9395
1663,47548,9391
1664,136872,9391
1665,84751,9390
1666,65348,9389
1667,61322,9388
1668,50703,9387
1669,53764,9386
1670,55657,9386
1671,120436,9385
1672,45945,9384
1673,47183,9384
1674,89918,9380
1675,52939,9379
1676,59866,9378
1677,37158,9376
1678,75062,9375
1679,70704,9373
1680,81221,9372
1681,81599,9370
1682,61008,9369
1683,193404,9369
1684,27694,9368
1685,51697,9368
1686,110169,9367
1687,134533,9367
1688,74607,9366
1689,55811,9365
1690,241174,9364
1691,63954,9364
1692,92786,9364
1693,73210,9364
1694,132894,9363
1695,84385,9362
1696,161194,9361
1697,92111,9360
1698,144771,9360
1699,38854,9360
1700,91341,9359
1701,91718,9358
1702,23689,9358
1703,79385,9358
1704,102211,9357
1705,86585,9357
1706,58831,9355
1707,58077,9353
1708,125013,9353
1709,88035,9352
1710,95469,9348
1711,69089,9347
1712,126090,9346
1713,39443,9343
1714,120464,9342
1715,66888,9342
1716,107844,9341
1717,46549,9338
1718,55983,9338
1719,82809,9338
1720,61963,9338
1721,61204,9337
1722,66543,9335
1723,197876,9335
1724,174074,9334
1725,46948,9334
1726,92840,9333
1727,44487,9333
1728,81150,9332
1729,62459,9332
1730,86991,9332
1731,95345,9329
1732,51294,9329
1733,48893,9327
1734,33777,9327
1735,60789,9325
1736,67568,9323
1737,89774,9323
1738,106899,9322
1739,121753,9320
1740,68015,9320
1741,74034,9319
1742,87985,9319
1743,76634,9318
1744,57665,9316
1745,114554,9316
1746,70490,9315
1747,76996,9315
1748,117844,9314
1749,103651,9314
1750,81138,9313
1751,66878,9312
1752,70719,9312
1753,74421,9311
1754,49395,9310
1755,171619,9310
1756,75920,9306
1757,58760,9306
1758,91723,9306
1759,59896,9306
1760,105093,9306
1761,139137,9305
1762,75190,9304
1763,67690,9303
1764,93861,9303
1765,58061,9303
1766,136973,9302
1767,136136,9301
1768,129012,9299
1769,44392,9298
1770,114007,9297
1771,93906,9296
1772,133435,9296
1773,112624,9294
1774,186367,9292
1775,103568,9292
1776,52264,9292
1777,68317,9292
1778,91855,9292
1779,93226,9292
1780,153417,9292
1781,85941,9291
1782,48820,9291
1783,87434,9290
1784,74219,9289
1785,106490,9289
1786,33895,9289
1787,74166,9288
1788,16602,9285
1789,76347,9285
1790,99730,9285
1791,117201,9284
1792,81624,9283
1793,86577,9282
1794,20799,9280
1795,34839,9280
1796,56849,9279
1797,118695,9278
1798,51492,9277
1799,82538,9277
1800,119373,9276
1801,80362,9276
1802,100667,9274
1803,99812,9274
1804,62400,9273
1805,110653,9273
1806,83845,9271
1807,132283,9270
1808,40963,9269
1809,115036,9269
1810,48936,9268
1811,65654,9265
1812,82232,9265
1813,128060,9264
1814,91457,9263
1815,184861,9261
1816,145691,9261
1817,62100,9261
1818,59089,9260
1819,99777,9259
1820,57420,9259
1821,49394,9257
1822,86372,9257
1823,151731,9256
1824,79519,9256
1825,121800,9255
1826,100104,9255
1827,133850,9254
1828,99652,9254
1829,49909,9254
1830,188803,9254
1831,84521,9251
1832,56168,9251
1833,75464,9251
1834,197937,9250
1835,83645,9250
1836,29398,9250
1837,128993,9249
1838,63349,9249
1839,115787,9248
1840,47338,9248
1841,79900,9248
1842,85683,9247
1843,158890,9246
1844,60682,9246
1845,88620,9246
1846,140949,9244
1847,58741,9244
1848,84900,9243
1849,54459,9242
1850,76134,9242
1851,93760,9242
1852,80500,9241
1853,85526,9240
1854,67602,9240
1855,109038,9240
1856,26124,9239
1857,20519,9239
1858,60497,9238
1859,66743,9237
1860,90352,9237
1861,119375,9236
1862,96401,9236
1863,89236,9235
1864,87481,9234
1865,86989,9233
1866,82019,9232
1867,89299,9232
1868,79050,9231
1869,75862,9230
1870,72048,9230
1871,129770,9229
1872,44865,9229
1873,73497,9228
1874,89129,9228
1875,84692,9227
1876,106192,9227
1877,74501,9225
1878,10758,9225
1879,121902,9224
1880,9028,9223
1881,99455,9222
1882,145860,9222
1883,97683,9221
1884,72887,9220
1885,42500,9220
1886,28489,9219
1887,100953,9219
1888,51310,9219
1889,68683,9219
1890,57157,9219
1891,60702,9218
1892,91958,9218
1893,67111,9216
1894,110474,9216
1895,59483,9215
1896,67148,9213
1897,89905,9212
1898,155521,9211
1899,89525,9210
1900,111522,9209
1901,43392,9209
1902,41888,9209
1903,58419,9208
1904,79954,9208
1905,131317,9207
1906,95956,9204
1907,51178,9203
1908,75697,9203
1909,89650,9203
1910,54366,9203
1911,97311,9202
1912,80477,9201
1913,79961,9199
1914,70905,9198
1915,100420,9198
1916,61113,9196
1917,75360,9196
1918,132478,9195
1919,89835,9195
1920,67651,9191
1921,84820,9190
1922,34710,9190
1923,60978,9189
1924,50778,9186
1925,90603,9186
1926,56969,9186
1927,80574,9186
1928,113694,9185
1929,112180,9184
1930,66185,9184
1931,59500,9183
1932,137893,9181
1933,44621,9181
1934,117523,9178
1935,62398,9178
1936,84876,9178
1937,61151,9177
1938,55912,9177
1939,158540,9176
1940,104772,9173
1941,76298,9173
1942,62881,9173
1943,84087,9173
1944,122534,9173
1945,57764,9173
1946,112915,9172
1947,78620,9172
1948,134761,9171
1949,85225,9170
1950,63434,9170
1951,161358,9169
1952,84089,9168
1953,123982,9167
1954,69114,9167
1955,57959,9167
1956,89757,9167
1957,12792,9166
1958,59793,9165
1959,50920,9165
1960,88745,9165
1961,108328,9164
1962,96053,9164
1963,76822,9163
1964,130996,9162
1965,28094,9157
1966,55045,9157
1967,151698,9156
1968,109401,9156
1969,49292,9156
1970,89920,9155
1971,47757,9155
1972,185367,9155
1973,70255,9154
1974,83462,9154
1975,70651,9154
1976,108885,9153
1977,76472,9152
1978,67490,9152
1979,92809,9149
1980,125152,9148
1981,61670,9147
1982,134701,9147
1983,115594,9147
1984,160270,9146
1985,59341,9145
1986,50628,9144
1987,94519,9144
1988,113713,9144
1989,76799,9144
1990,40973,9144
1991,24198,9144
1992,53255,9143
1993,192302,9143
1994,54765,9142
1995,136988,9142
1996,58565,9142
1997,52135,9142
1998,83786,9142
1999,46608,9139
2000,41704,9138
2001,146439,9138
2002,138090,9137
2003,103068,9136
2004,96064,9135
2005,58828,9135
2006,153100,9134
2007,60457,9132
2008,93664,9131
2009,120535,9130
2010,73835,9130
2011,41293,9130
2012,74077,9130
2013,32169,9130
2014,104152,9128
2015,195401,9127
2016,298512,9127
2017,36040,9126
2018,59907,9125
2019,50730,9125
2020,90224,9125
2021,92918,9124
2022,75528,9123
2023,75192,9123
2024,58300,9123
2025,61649,9121
2026,36854,9121
2027,97936,9120
2028,97072,9119
2029,112505,9118
2030,62815,9117
2031,66348,9117
2032,56291,9116
2033,45147,9115
2034,49861,9114
2035,76452,9114
2036,76478,9113
2037,65678,9112
2038,59865,9111
2039,175807,9111
2040,54600,9111
2041,99441,9110
2042,132275,9110
2043,108855,9109
2044,67769,9109
2045,54727,9108
2046,89137,9107
2047,97791,9105
2048,92174,9105
2049,47957,9104
2050,58570,9103
2051,70767,9102
2052,72537,9101
2053,50696,9101
2054,108771,9100
2055,131562,9100
2056,37529,9099
2057,86928,9099
2058,63093,9098
2059,95315,9097
2060,68507,9097
2061,44100,9097
2062,51401,9096
2063,38713,9096
2064,56613,9095
2065,57757,9095
2066,85919,9093
2067,95333,9092
2068,65303,9092
2069,66501,9092
2070,76932,9089
2071,109185,9089
2072,104979,9088
2073,50442,9087
2074,103023,9086
2075,85567,9086
2076,57531,9085
2077,57532,9083
2078,147788,9081
2079,49552,9081
2080,93678,9080
2081,75424,9080
2082,37561,9080
2083,83243,9080
2084,49546,9079
2085,81927,9078
2086,39527,9078
2087,136301,9078
2088,92639,9078
2089,53221,9078
2090,175310,9078
2091,129368,9077
2092,106121,9076
2093,49648,9076
2094,66109,9075
2095,134199,9075
2096,84000,9074
2097,55545,9073
2098,85801,9070
2099,81380,9070
2100,60168,9069
2101,82529,9069
2102,29208,9068
2103,59867,9067
2104,28964,9066
2105,21360,9065
2106,68160,9065
2107,109727,9065
2108,100475,9064
2109,128168,9063
2110,28647,9061
2111,60481,9061
2112,63455,9060
2113,251715,9060
2114,139421,9060
2115,77858,9060
2116,59172,9059
2117,61467,9058
2118,47117,9058
2119,77823,9057
2120,82861,9057
2121,125689,9057
2122,59805,9056
2123,82168,9054
2124,48843,9054
2125,48580,9052
2126,63004,9052
2127,95658,9050
2128,75416,9050
2129,55141,9048
2130,54448,9048
2131,137056,9048
2132,78113,9046
2133,92180,9046
2134,82898,9044
2135,122548,9043
2136,167466,9043
2137,82177,9042
2138,73862,9040
2139,71822,9039
2140,100000,9039
2141,99348,9039
2142,72184,9035
2143,48437,9035
2144,80324,9034
2145,63442,9033
2146,103074,9032
2147,33667,9032
2148,89482,9032
2149,114553,9031
2150,42716,9031
2151,55231,9030
2152,92951,9030
2153,95155,9029
2154,32905,9028
2155,86250,9027
2156,122416,9027
2157,52143,9027
2158,123112,9027
2159,117670,9026
2160,78249,9025
2161,85997,9022
2162,35488,9022
2163,115359,9021
2164,70198,9021
2165,69327,9021
2166,73573,9019
2167,81834,9019
2168,98462,9019
2169,41299,9018
2170,105426,9018
2171,92577,9017
2172,83503,9016
2173,80525,9016
2174,103935,9015
2175,42525,9015
2176,57583,9014
2177,139690,9013
2178,64934,9013
2179,87549,9012
2180,84696,9012
2181,96245,9011
2182,84451,9011
2183,95341,9010
2184,141759,9010
2185,90545,9009
2186,47677,9009
2187,50521,9009
2188,22679,9007
2189,114886,9005
2190,56211,9004
2191,110356,9004
2192,24899,9003
2193,57874,8998
2194,154867,8997
2195,60775,8996
2196,72304,8994
2197,129773,8994
2198,44504,8994
2199,55489,8993
2200,62024,8993
2201,57105,8990
2202,62650,8989
2203,88240,8989
2204,56402,8987
2205,53350,8985
2206,47714,8984
2207,52670,8983
2208,52046,8983
2209,52359,8982
2210,83862,8980
2211,172951,8978
2212,24698,8978
2213,69258,8976
2214,79694,8976
2215,38941,8976
2216,80563,8975
2217,115896,8974
2218,52383,8974
2219,73046,8973
2220,48641,8973
2221,62022,8973
2222,85369,8971
2223,46365,8970
2224,57060,8970
2225,89847,8970
2226,110221,8970
2227,91369,8969
2228,77777,8969
2229,102239,8968
2230,184248,8965
2231,84773,8964
2232,91708,8963
2233,132467,8962
2234,111986,8962
2235,104586,8960
2236,37989,8960
2237,66263,8960
2238,73150,8959
2239,32672,8959
2240,125697,8959
2241,64912,8958
2242,81931,8957
2243,47075,8956
2244,96663,8955
2245,82894,8954
2246,168535,8954
2247,160399,8954
2248,111644,8954
2249,107358,8953
